,t_tot,t_in,k_e,A
0,3.5553219324745697,0.3656574758542308,0.36569665664607354,0.29485929051977466
