,t_tot,t_in,k_e,A
0,4.272734547919847,7.1417892616908505,0.575148368977226,0.7359168907541417
