,t_tot,t_in,k_e,A
0,3.165014318018187,7.810328079974033,0.6612117430569568,0.17417216863335017
