,t_tot,t_in,k_e,A
0,6.456842364367386,0.12120694661556991,0.12120119376934595,0.2897052942556591
