,t_tot,t_in,k_e,A
0,7.686308050884959,0.6004158785877176,0.6004228760576567,0.2564199367073423
