,t_tot,t_in,k_e,A
0,4.049506987737679,24.65690603408184,0.16169230194747697,0.21964990164675102
