,t_tot,t_in,k_e,A
0,4.950033244793058,0.3365903835697446,0.3365895303443961,1.2073196475670964
