,t_tot,t_in,k_e,A
0,4.963228593118433,7.036771412733361,0.5656130043968707,0.3262657869483302
