,t_tot,t_in,k_e,A
0,4.170077503978667,4.177245176757478,0.3511320715193563,0.24434138286169454
