,t_tot,t_in,k_e,A
0,12.998248952180083,0.10525103302880356,0.10525103309273613,0.24340968874017346
