,t_tot,t_in,k_e,A
0,4.645993037064091,0.419758412066233,0.623479836977054,0.1209694832926187
