,t_tot,t_in,k_e,A
0,11.82073153463976,22.913528032573115,0.16807560368712857,0.14655463756217724
